ITEM,DESCRIPTION,JAN,FEB,MAR,APR,MAY,JUN,JUL,AUG,SEP,OCT,NOV,DEC
8411437,EV INFANT CARRIER CREAMSICLE  ,40,162,258,208,365,962,2150,2150,1035,597,1584,1200
8511526,ACTIVE CARRIER LOOPSY         ,0,0,0,0,10,15,20,10,10,10,10,10
8611284,EVNFLO NATURAL FIT CAR BOULDER,0,2,2,2,2,0,1,16,29,20,5,14
8611523,NATURAL CARRIER KHAKI ORANGE  ,0,49,51,55,55,94,107,100,3,103,10,15
8911215,EVENFLO BREATH CARRIER KOI    ,0,254,330,279,200,192,200,200,200,200,135,96
8911234,EVENFLO BREATH CARR MARIANNA  ,0,444,562,296,296,286,311,311,138,258,188,381
8911254,BREATH CARRIER GREY CHEVRON   ,17,1733,1034,931,1500,1444,1250,1250,612,441,620,1486
8912179,BREATHABLE CARRIER GRAY MIST  ,0,0,0,0,0,0,0,0,0,0,0,0
1050310,TOP OF STAIR X-TALL GATE .COM ,0,0,0,0,0,0,0,0,0,0,0,0
1050500,TOP OF STAIR EXTRA TALL BOX   ,50,211,225,211,211,193,325,325,268,454,236,555
1051600,TOP OF STAIRS FARMHOUSE       ,0,0,0,0,0,0,0,0,0,0,0,335
1051610,TOP OF STAIRS FARMHOUSE       ,0,523,548,574,603,636,400,400,119,309,318,320
10AT2G-MID4U    ,GB Evoq Travel System - Midnig,0,0,0,0,0,0,0,0,0,0,0,0
10EA1Y-REDU     ,Urbini Omni Plus TS Red       ,0,0,0,0,0,0,0,0,0,0,0,0
10EA2Y-HTGU     ,Urbini Omni Plus TS SE HtherGr,0,0,0,0,0,0,0,0,0,0,0,0
10EA2Y-PMLU     ,OMNI PLUS TS SONTI RSPBRRY FZZ,0,0,0,0,0,0,0,0,0,0,0,0
10EA3Y-ALGU     ,OMNI PLUS TS ALLOY GRAY       ,0,0,0,0,0,0,0,0,0,0,0,0
10EA3Y-CRDU     ,OMNI PLUS TS CLASSIC RED      ,0,0,0,0,0,0,0,0,0,0,0,0
10EA3Y-FJBU     ,OMNI PLUS TS FJORD BLUE       ,0,0,0,0,0,0,0,0,0,0,0,0
10EA3Y-HTGU     ,OMNI PLUS TS HEATHERGRY REFRSH,800,0,0,0,0,0,0,0,0,0,0,0
10EA3Y-PMLU     ,OMNI PLUS TS RASPBRYFIZ REFRSH,1723,0,0,0,0,0,0,0,0,0,0,0
10EB1Y-FOGU     ,Urbini Reversi Stroller;Fog   ,0,0,0,0,0,0,0,0,0,0,0,0
10EB2Y-BWMU     ,REVERSI STROLLER BLUEBRRY FIZZ,135,0,0,0,0,0,0,0,0,0,0,0
10EB2Y-PMLU     ,REVERSI STROLLER PINKBRRY FIZZ,0,0,0,0,0,0,0,0,0,0,0,0
10EC1Y-FOGU     ,Urbini Swiftli Stroller;Fog   ,0,0,0,0,0,0,0,0,0,0,0,0
10EC1Y-VIAU     ,Urbini Swiftli Stroller;Viola ,0,0,0,0,0,0,0,0,0,0,0,0
10EG1Y-TLKU     ,Urbini Turni TravelSystem Teal,0,0,0,0,0,0,0,0,0,0,0,0
10EG2Y-CLOU     ,TURNI TS SONTI CLOVER         ,0,0,0,0,0,0,0,0,0,0,0,0
10EG2Y-FRTU     ,TURNI TS SONTI FROSTED TULIP  ,0,0,0,0,0,0,0,0,0,0,0,0
12112125,LOFT PRTBL BASSINET CHVRN MLNG,0,297,247,270,290,237,250,250,309,310,89,303
12122125,LYRIC MUSICAL BNCER CHVRN MLNG,0,0,0,0,0,0,0,0,0,0,0,0
12132125,PILLO PRTBL NAPPER CHVRON MLNG,0,0,0,0,0,0,15,0,0,0,0,0
13812254,PIVOT XPAND STROLLER PERCHERON,0,132,96,103,103,91,103,103,220,331,150,146
13812255,PIVOT XPAND STROLLER STALLION ,0,107,67,74,74,66,74,74,0,107,35,165
15311935,CAMBRIDGE STRLR LD329 SKY BLUE,0,0,0,0,0,0,0,0,0,0,0,0
15BD2Y-PKKU     ,URB NESTI PLYRD PINK          ,0,0,0,0,0,0,0,0,0,0,0,0
15BD2Y-TLKU     ,URB NESTI PLYRD TEAL          ,0,0,0,0,0,0,0,0,0,0,0,0
1602100,EXPANSION SWING WIDE GATE .COM,0,3174,3053,3384,5062,4824,3250,3250,2152,4027,1597,3529
1603200,EXPANSION WALK THRU FARMHOUSE ,0,555,1065,534,534,497,534,534,108,79,250,493
17211856,VCTRY JOG STRL TUCSON         ,0,0,0,0,0,0,0,0,0,0,0,0
17411935,CHARLESTON JGGR P5016 SKY BLUE,0,0,0,0,0,0,0,0,0,0,0,0
17612030,PRLLL TNDM STRLLR GLENBARR GRY,0,0,0,0,0,0,0,0,0,0,0,0
17832030,MINNO TWIN STRLLR GLENBARR GRY,0,383,362,181,248,480,400,400,193,238,259,250
17922030,MINNO LGHTWT STRLLR GLNBRR GRY,0,0,0,0,0,0,0,0,0,0,0,0
17922138,MINNO LTWT STRLLR MCHCCINO BWN,0,0,0,0,0,0,0,0,0,0,0,0
17922139,MINNO LTWT STROLLER REALLY RED,0,0,0,0,0,0,0,0,0,0,0,0
17922140,MINNO LTWT STRLLR SEASHORE BLU,0,0,0,0,0,0,0,0,0,0,0,0
19132263,PIVOT XPLORE STROLLER WAYFARER,0,0,0,0,0,0,0,0,0,0,0,12
19132264,PIVOT XPLORE STROLLER GYPSY   ,0,0,0,0,0,0,0,0,0,0,0,0
19142265,AERO ULTRA LGHTWGHT STRL DOVE ,0,92,85,110,120,117,75,21,21,20,0,8
19142276,AERO ULTRA LGHTWGHT STRL LARK ,0,34,41,80,92,130,50,17,17,13,11,11
19152276,AERO ULTRALGHTWGHTDBLSTRL LARK,0,12,12,25,35,48,30,12,12,12,20,20
19152282,AERO ULTRALGTWGTDBLSTRL OSPREY,0,66,62,65,20,20,20,5,4,4,20,15
19312207A       ,UMBRELLA STROLLER CARMINE     ,0,0,0,0,0,0,0,0,0,0,0,0
19312208A       ,UMBRELLA STROLLER HARBOR BLUE ,0,0,0,0,0,0,0,0,0,0,0,0
19312209A       ,UMBRELLA STROLLER TRUE RED    ,0,0,0,0,0,0,0,0,0,0,0,0
19612212A       ,UMBRELLA STRLR TL LNEAR TRNGLS,0,0,0,0,0,0,0,0,0,0,0,0
19812209A       ,DOUBLE UMBRELLA STRLLR TRUE RD,0,0,0,0,0,0,0,0,0,0,0,0
19812214A       ,DOUBLE UMBRELLA STROLLER RTARY,0,0,0,0,0,0,0,0,0,0,0,0
2021100,POSITION & LOCK CLASSIC GATE  ,0,0,0,0,0,0,0,0,0,0,0,0
2023916,POSITIN & LOCK GATE TAN .COM  ,0,7249,7477,8148,6980,6056,4000,4000,8910,11706,13873,10000
2025914,EVENFLO POSITION&LOCK BLUE.COM,0,0,0,0,0,0,0,0,0,0,0,0
2025915,EVENFLO POSITION&LOCK PINK.COM,0,143,0,0,0,0,0,0,0,0,0,0
2026900,POSITION AND LOCK FARMHOUSE   ,0,5137,6493,5642,5921,7720,10000,6000,3752,3755,3600,5000
23011812,PLAYSPACE 2PC EXT CREAM       ,0,0,0,0,0,192,200,200,463,275,463,373
23011813,PLAY SPACE 6PC CREAM          ,0,0,0,0,0,0,0,535,0,0,0,923
23011813A       ,EV VERS PLAYSPACE .COM CREAM  ,0,0,0,1467,1010,1001,932,506,4016,2446,0,495
23011969,EV VERS PLAYSPACE 2PC EXT ESPR,0,0,0,0,0,0,0,0,0,0,0,0
23011971,EV VERS PLAYSPACE .COM ESPRESO,0,0,0,0,0,0,0,0,0,0,0,0
23011971A       ,EV VERS PLAYSPACE .COM ESPRESO,0,0,0,0,0,0,0,0,0,0,0,0
23012148,PLAY SPACE COOL GRAY          ,0,5526,3950,4178,4417,6754,5500,6325,4748,9198,10638,13203
23012154,PLAY SPACE 2PNL EXT CL GY 423C,0,75,146,153,153,480,208,680,659,1481,1611,710
23012156,PLAY SPACE MULT COLOR         ,0,1273,1014,1018,2500,2410,2500,2000,1542,783,515,971
23012157,PLAY SPACE 2PNL EXT. MULTI COL,0,55,53,55,400,480,500,500,200,328,176,70
24HF1Y-TEAU     ,URBINI PRESTI TEAL            ,0,0,0,0,0,0,0,0,0,0,0,0
24HF2Y-DGYU     ,URBINI PRESTI DARK GRAY       ,0,0,0,0,0,0,0,0,0,0,0,0
24HG1Y-GRYU     ,URBINI ASENTI GRAY            ,0,0,0,0,0,0,0,0,0,0,0,0
24HG1Y-REDU     ,URBINI ASENTI RED             ,0,0,0,0,0,0,0,0,0,0,0,0
25311215,SYMMETRY HC KOI               ,0,0,0,0,0,0,0,0,0,0,0,0
25311234,SYMMETRY HC MARIANNA          ,0,25,25,25,5,5,5,5,5,5,5,5
25311434,SYMMETRY HC TAYLOR            ,0,0,0,0,0,0,0,0,0,0,0,0
25311778,SYMMETRY HIGH CHAIR LOGAN     ,0,2,3,0,0,0,0,0,0,0,0,0
25311874,SYMTRY HC HAYDEN DOT          ,0,0,0,0,0,0,10,10,10,10,10,10
25311881,SYMMETRY HC DAPHNE            ,0,51,36,41,43,32,45,15,15,15,11,15
25311894,SYMMETRY HC SPEARMINT SPREE   ,0,37,35,37,37,192,200,200,81,146,136,103
25311894A       ,SYMMETRY HC SPEARMINT SPREE   ,53,0,0,0,0,0,0,0,0,0,0,0
25311935,CLIFTON HC Y8030 SKY BLUE     ,0,0,0,0,0,0,0,0,0,0,0,0
25312029,CLIFTON HIGHCHAIR SMOKE GRAY  ,0,0,0,0,0,0,0,0,0,0,0,0
25HA3G-STE5U    ,"GB,ASANA35DLXCARSEAT,STERLING ",0,0,0,0,0,0,0,0,0,0,0,0
28111259,CONVERTIBL 3IN1 HC DOTTIE LIME,0,1254,1250,0,0,0,0,0,0,0,0,0
28111259A       ,CONVERTIBL 3IN1 HC DOTTIE LIME,0,666,655,655,0,0,0,0,0,0,0,0
28111271,CONVERTIBL 3IN1 HC DOTTIE ROSE,0,0,0,0,0,0,0,0,0,0,0,0
28111271A       ,CONVERTIBL 3IN1 HC DOTTIE ROSE,50,825,742,0,0,0,0,0,0,0,0,0
28112307,4IN1 EAT/GROW CNVRTBL HC PRISM,170,0,0,0,193,601,903,350,1323,1562,1155,1711
28112315,4IN1 EAT/GR CNVRTBL HC POPSTAR,150,0,0,0,387,1204,1805,75,0,0,0,0
28112316,4IN1 EAT/GROW CNVRTBL HC POPPY,0,0,0,0,193,512,873,260,702,511,1060,1562
30412310,GOLD SECUREMAX ONYX           ,0,0,0,0,0,0,0,0,0,0,0,0
30412311,GOLD SECUREMAX MOONSTONE      ,0,0,0,0,0,0,0,0,0,0,0,0
30412312,GOLD SECUREMAX SAPPHIRE       ,0,0,0,0,0,0,0,0,0,0,0,0
30412336,GOLD SECUREMAX GARNET         ,0,0,0,0,0,0,0,0,0,0,0,0
30412337,GOLD SECUREMAX OPAL           ,0,0,0,0,0,0,0,0,0,0,0,0
30511793,PLATINUM LITEMAX 35 MOONLITE  ,0,0,0,0,0,0,0,0,0,0,0,0
30511931,PLAT LTMX 35 MOON SHADOWS     ,0,0,0,0,0,0,0,0,0,0,0,0
30511978,SAFEMAX ICS NICO              ,0,0,0,0,0,0,0,0,0,0,0,0
30512004,PROSERIES LTMX PORTLAND TWEED ,0,0,0,0,0,0,0,0,0,0,0,0
30512027,PROSERIES LITEMAX ROSLYN      ,0,0,0,0,0,0,0,0,0,0,0,0
30512028,PROSERIES LITEMAX EUGENE TWEED,0,0,0,0,0,0,0,0,0,0,0,0
30512041,LITEMAX AZALEA                ,0,383,270,262,271,226,325,325,357,187,218,254
30512042,LITEMAX RIVER STONE           ,0,245,199,204,204,186,204,204,131,213,313,294
30512061,LITEMAX BAMBOO LEAF           ,0,113,98,36,101,192,100,100,269,150,80,205
30512171,ADV LITEMAX RAVEN JET SNSRSF  ,0,0,0,0,0,0,0,0,0,0,0,0
30512289,LITEMAX DLX MALLARD           ,70,40,71,100,20,20,20,20,20,20,20,30
30512290,LITEMAX DLX METEORITE         ,70,50,71,125,150,108,123,140,312,179,100,120
30611730,CHASE LX JASMIN               ,0,0,0,0,0,0,0,0,0,0,0,0
30611847,CHASE LX JUBILEE              ,291,1635,1337,1958,2411,3081,800,1250,2189,992,842,782
30611870,CHASE LX JAMESON              ,96,2460,2004,3764,4606,5273,1400,1700,897,1312,1300,1400
30612094,CHASE LX JAYDEN               ,0,450,594,1007,1325,1483,574,1000,423,629,610,398
30612160,CHASE LX MOONTREE             ,0,0,0,0,0,0,0,0,0,0,0,0
30621383,CHASE LX TONAL HEARTS         ,40,949,0,0,0,0,0,0,0,0,0,0
30621632,CHASE LX BERRY DOT            ,0,35,33,35,35,31,0,0,0,0,0,0
30622094,CHASE JAYDEN                  ,0,0,0,0,0,0,0,0,0,0,0,0
31011703,MAESTRO THUNDER               ,40,0,0,0,0,0,0,0,0,0,0,0
31021433,MAESTRO WESLEY                ,0,0,0,0,0,0,0,0,0,0,0,0
31021434,MAESTRO TAYLOR                ,0,0,0,0,0,0,0,0,0,0,0,0
31311984,PROCOMFORT RIGHTFIT GRIFFIN   ,0,0,0,0,0,0,0,0,0,0,0,0
31312082,RIGHT FIT KRYPTON             ,0,0,0,0,0,0,0,0,0,0,0,0
31321724,RIGHTFIT CARBON               ,0,0,0,0,0,0,0,0,0,0,0,0
31411645,AMP LX HIGHBACK BRIT          ,0,0,0,0,0,0,0,0,0,0,0,0
31911120,AMP HIGHBACK MEDFORD          ,0,0,0,0,0,0,0,0,0,0,0,0
31911431,BIG KID AMP SPROCKET          ,0,4369,3749,5803,7113,8553,6869,3250,3215,3878,2800,2500
31911432,BK AMP CARRISSA               ,70,0,0,0,0,0,0,0,343,1496,2366,1700
31911678,BIG KID NAPERVILLE            ,0,0,0,0,0,0,0,0,0,0,0,0
31911717,BIG KID HIGH BACK PHOEBE      ,0,0,0,0,0,0,0,0,0,0,0,0
31911718,BIG KID HIGH BACK DENVER      ,78,2793,1786,5960,7327,5577,1289,1289,2069,657,450,846
31911745,BIG KID AMP HIGHBACK HEATWAVE ,0,0,0,0,0,0,0,0,0,0,0,0
31912230,BIG KID LX STATIC BLACK       ,0,4227,2841,2754,2539,7228,2500,3350,3428,3544,4382,3060
31912347,BIG KID LX BRIGHTON           ,0,0,0,0,0,0,0,0,0,0,0,0
31922230,BIG KID LX STATIC BLACK       ,0,0,0,0,0,0,0,0,0,0,0,0
32121400,EMBRACE BASE                  ,0,0,0,0,0,0,0,0,0,0,0,0
32131400,EMBRACE BLACK BASE            ,0,111,107,111,111,100,111,0,0,3,10,10
34011243,AMP PERFORMANCE NO BACK RED   ,0,0,0,0,0,0,0,0,0,0,0,0
34011244,AMP PERFORMANCE NO BACK PINK  ,0,0,0,0,0,0,0,0,0,0,0,0
34021606,AMP PERFORMANCE DLX BLACK     ,0,0,0,0,0,0,0,0,0,0,0,0
34111403,AMP SELECT BUTTERFLY          ,0,0,0,0,0,0,0,0,0,0,0,0
34111423,AMP LX POP BLUE               ,0,0,0,0,0,0,0,0,0,0,0,0
34111441,AMP SELECT FLAMES             ,0,143,236,60,194,109,0,0,0,0,140,12
34112328,BIGKID AMP NOBACK BLACK CHVRN ,21,100,299,200,0,0,0,0,0,0,8,27
34112329,BIGKID AMP NOBACK GRAY GEO    ,21,13,25,50,0,0,0,0,19,0,0,0
34112330,BIGKID AMP NOBACK BSTR PNKFLWR,7,122,214,122,0,0,0,0,309,223,0,0
34211922,SPECTRUM TEAL TRACE           ,0,182,183,513,654,687,195,185,179,132,117,197
34211962,SPECTRUM SEASCAPE             ,0,230,0,0,0,238,150,150,146,248,142,74
34212025,SPECTRUM VARSITY BLUE         ,0,63,0,0,0,0,0,0,0,0,0,0
34212026,SPECTRUM FUSCHIA SHOCK        ,0,84,83,91,175,136,100,100,122,135,50,75
34212035,SPECTRUM BUBBLY BLUE          ,0,137,130,63,0,0,0,0,162,189,88,31
34212036,SPECTRUM CORNERSTONE          ,0,0,0,0,0,0,0,0,0,0,0,0
34212054,SPECTRUM FOGGY                ,0,113,107,113,113,101,113,113,76,125,157,135
34212058,SPECTRUM POPPY PINK           ,0,122,116,122,122,111,122,122,73,215,100,117
34212273,SPECTRUM SUNRISE              ,0,225,125,135,100,192,300,200,149,200,200,100
34411900,EVOLVE 3N1 WATERFALL MIST     ,0,18,19,20,22,18,0,0,0,0,0,0
34411920,EVOLVE 3N1 PINK DAISIES       ,10,19,19,19,0,0,0,0,0,0,0,0
34411927,SAFEMAX 3 IN 1 CRIMSON        ,0,0,0,0,0,0,0,0,0,0,0,0
34411930,SAFEMAX 3 IN 1 SHILOH         ,0,11,9,0,0,0,0,0,0,0,0,0
34411963,SAFEMAX 3 IN 1 PURPLE BERRY   ,0,0,0,0,0,0,0,0,0,7,0,0
34412020,ADVANCED EVOLVE LX BERRY BLISS,0,4,4,3,0,0,0,0,0,0,0,0
34412066,PLATINUM EVOLVE CHRCOAL STRIPE,0,16,16,16,16,16,16,16,16,16,18,13
34412115,SAFEMAX 3IN1 BSTR CHARCOAL FZZ,0,0,0,0,0,0,0,0,0,0,0,0
34412274,EVOLVE 3 IN 1 VAPOR           ,0,20,25,30,33,34,10,10,0,0,4,5
34421029,TRANSITIONS 3IN1 LEGACY       ,0,0,0,0,0,0,0,0,0,0,0,0
34421686,TRANSITIONS 3 IN 1 MERCURY    ,0,0,0,0,0,0,0,0,0,0,0,0
34421695,TRANSITIONS 3-IN-1 MALEAH     ,0,0,0,0,0,0,0,0,0,0,0,0
34421933,PLATINUM EVOLVE IMAGINATION   ,0,0,0,0,0,0,0,0,0,0,0,0
34421934,PLATINUM EVOLVE DREAMER       ,0,0,0,0,0,0,0,0,0,0,0,0
34511557,SYMPHONY LX CRETE             ,0,2,7,8,60,56,60,60,14,30,13,25
34511714,SYMPHONY LX KRONUS            ,98,363,207,210,165,523,200,200,158,200,50,166
34511715,SYMPHONY LX HARRISON          ,22,29,57,73,173,44,75,75,77,83,24,88
34512064,PLATINUM SYMPHONY LX SAHARA   ,22,0,0,0,0,0,0,0,0,0,0,0
34512247,PLATINUM SYMPHNY LX MONTGOMERY,5,244,91,150,0,25,50,100,0,0,0,0
34512333,SYMPHONY SPORT BLUE HORIZON   ,100,0,55,100,0,0,0,0,0,0,0,0
34512334,SYMPHONY SPORT GRAY ASH       ,100,45,90,200,0,0,0,0,0,3,28,103
34512335,SYMPHONY SPORT CHARCOAL SHADOW,50,10,44,88,10,10,10,10,10,35,36,45
34512335C       ,SYMPHONY SPORT CHARCOAL SHADOW,0,0,0,0,0,0,0,0,0,0,0,0
34611649,SYMPHONY DLX MARTINA          ,0,0,0,0,0,0,0,0,0,0,0,0
34611709,SYMPHONY ELITE PARAMOUNT      ,185,904,621,588,884,850,600,600,707,266,213,480
34611716,SYMPHONY ELITE MODESTO        ,50,693,360,367,0,0,0,0,0,0,0,0
34611979,SYMPHNY ELITE RASPBERRY SORBET,0,0,0,0,0,0,0,0,0,35,35,45
34612083,SYMPHONY DLX PINNACLE         ,0,27,36,55,82,48,50,50,21,9,6,6
34612084,SYMPHONY DLX APEX             ,0,64,88,100,20,20,20,20,20,8,10,10
34612173,PLAT SYMPHONY DLX ASHLAND GRAY,11,86,39,42,45,71,50,50,0,30,16,25
34631358,SYMPHONY ELITE PORTER         ,0,0,0,0,0,0,0,0,0,0,0,0
34711958,SONUS DAHLIA                  ,0,0,0,0,0,0,0,0,120,0,0,0
34712039,SONUS BOOMERANG BLUE          ,0,0,0,0,0,238,250,250,200,150,246,150
34712040,SONUS STRAWBERRY PINK         ,0,0,0,0,0,76,80,80,98,80,80,80
34712059,SONUS LAVA RED                ,0,77,65,65,101,73,99,45,24,91,83,131
34712060,SONUS CHARCOAL SKY            ,0,796,260,845,532,961,400,400,751,805,796,800
34712144,SONUS CITY LIGHTS             ,0,0,0,0,0,0,0,0,0,0,0,0
34712162,SONUS DEERFIELD               ,0,132,184,188,188,168,550,700,99,60,180,135
34712279,SONUS AMETHYST                ,0,142,125,130,64,57,60,83,0,98,70,56
34812007,SONUS 65 SOUND WAVE           ,60,30,0,0,30,28,30,30,30,30,30,36
34812023,SONUS65 ROCCO RED             ,0,8,5,6,6,5,6,6,5,6,5,6
34812024,SONUS65 BERRY BEAT            ,0,3,3,3,3,3,3,3,3,3,3,3
34912200,MAESTRO SPORT LAYTON          ,0,0,0,0,65,0,0,0,0,0,0,0
34912203,MAESTRO SPORT GRANITE         ,0,728,481,2000,2500,2814,2500,2500,2246,1322,2248,1700
34912204,MAESTRO SPORT WHITNEY         ,0,271,88,1500,2600,3034,900,1500,1038,374,1047,684
34912258,MAESTRO SPORT CRESTONE PEAKS  ,0,3878,2273,1520,0,3858,3000,2500,986,1546,1172,988
34912366,MAESTRO SPORT PALISADE        ,0,0,0,0,0,0,0,0,0,101,136,253
34922258,MAESTRO SPORT CRESTONE PEAKS  ,0,0,0,0,0,0,0,0,0,0,0,0
36211411,NURTURE SABRINA               ,0,0,0,0,0,0,0,0,0,0,0,0
36211733,NURTURE LX KIRI               ,0,0,0,0,0,0,0,0,0,0,0,0
36212069,Nurture Teal Confetti         ,0,0,0,0,0,0,0,0,0,0,0,0
36212070,NURTURE PINK BLOOM            ,0,0,0,0,0,0,0,0,0,0,0,234
36212071,NURTURE BECKETT               ,0,50,94,125,0,0,0,0,0,0,0,0
36212170,NURTURE PARKER                ,0,225,186,190,20,0,0,0,0,0,0,0
36212232,NURTURE MAX                   ,0,0,0,0,0,0,0,0,0,0,0,0
36212277,NURTURE CARINE                ,0,0,0,0,0,0,0,0,0,0,0,0
36512102,BIG KID HIGHBACK CARDINAL RED ,0,0,0,0,0,0,0,0,0,0,0,0
36512103,BIG KID HIGHBACK PINK DOVE    ,0,313,291,149,447,373,750,750,1086,0,0,0
36512180,BIG KID HIGHBACK ARCADIA      ,0,75,71,75,75,67,75,75,363,447,150,60
36512271,BIG KID SPRT HIGH BACK RAINIER,0,150,142,150,500,962,1250,1250,603,0,566,887
36512272,BIG KID SPRT HIGH BACK SEQUIOA,0,150,142,150,150,136,150,0,0,0,0,0
36912259,BIG KID SPRT NOBCK GREYFRACTAL,0,112,103,105,105,48,50,50,7,23,26,22
36912269,BG KD SPRT NOBCK NEUTRON      ,0,100,7,7,7,7,7,7,7,7,7,7
36912270,BG KD SPRT NOBCK CRYSTAL PINK ,0,100,96,100,100,0,0,0,0,0,0,0
37111723,SURERIDE DLX WINDSOR          ,0,0,0,0,0,0,0,0,0,0,0,0
37112073,SURERIDE DLX JUNGLE GREEEN    ,0,0,0,0,0,0,0,0,0,0,0,0
37112075,SURERIDE SPORT HARPER         ,0,164,221,230,230,250,250,250,158,130,130,171
37112280,SURERIDE CARSON               ,0,591,580,853,957,1000,450,550,481,411,707,482
37112342,SURERIDE RILEY                ,0,0,0,0,0,0,0,0,0,0,0,0
37121334,SURERIDE DLX SUGAR PLUM       ,0,0,0,0,0,0,0,0,0,0,0,10
37121429,SURERIDE DLX PAXTON           ,0,0,0,0,0,0,0,0,0,0,0,131
3712198,TITAN 65 FACTORY SELECT 2PK   ,0,0,0,0,0,0,0,0,0,0,0,0
38111010,TRIBUTE LX ABIGAIL            ,5000,831,410,0,0,0,0,0,0,0,0,0
38111190,TRIBUTE SATURN                ,0,2651,2694,2935,2935,2570,2666,3150,3322,4493,3154,3500
38111711,TRIBUTE LX NEPTUNE            ,700,2089,1471,2500,3000,5886,1250,0,0,797,2055,1021
38112076,TRIBUTE LX AZURE COAST        ,0,587,540,592,652,425,750,0,0,458,0,0
38112078,TRIBUTE LX VENUS              ,0,175,113,125,125,111,250,425,509,1055,795,950
38112121,TRIBUTE LX PINK ICE           ,0,0,299,250,0,0,0,0,0,0,0,0
38112278,TRIBUTE LX JUPITER            ,0,100,134,500,50,48,200,200,304,429,511,0
3811985,TRIBUTE GUNTHER               ,0,0,0,0,0,0,0,0,0,0,0,0
38122076,TRIBUTE AZURE COAST           ,0,0,0,0,0,0,0,0,0,0,0,0
38211712,TRIUMPH LX CHARLESTON         ,29,38,62,33,39,192,200,250,204,135,234,122
38211713,TRIUMPH LX EVERETT            ,0,193,0,0,0,0,0,0,0,0,0,0
38212161,TRIUMPH LX KAYAK BLUE         ,0,0,0,0,0,0,0,0,0,0,0,0
38212268,TRIUMPH ASHEVILLE             ,0,0,0,0,0,0,0,0,0,0,0,0
38212338,TRIUMPH TECHNO FADE           ,70,10,18,23,28,28,20,20,20,10,10,10
38221757,TRIUMPH ADV LX FLYNN          ,0,0,0,0,0,0,0,0,0,0,0,0
38221888,ADVANCED TRIUMPH FALLON       ,2,0,0,0,0,0,0,0,0,0,0,0
38231757,ADVANCED TRIUMPH FLYNN        ,5,0,0,0,0,0,0,0,0,0,0,0
38311961,STRATOS SILVER ICE            ,0,15,7,7,7,6,7,7,7,7,9,10
38312008,PROSERIES STRATOS MAXTON TWEED,0,0,0,0,0,0,0,0,0,0,11,2
38312021,PROSRS STRATOS JULIANA TWEED  ,0,0,0,0,0,0,0,0,0,0,0,0
38312022,PROSRS STRATOS AUGUSTUS TWEED ,0,0,0,0,0,0,0,0,0,0,3,0
38312037,STRATOS BOULDER               ,0,11,11,11,11,11,40,40,63,75,80,75
38312038,STRATOS PINK SUNSET           ,0,0,0,0,0,0,0,0,0,34,8,68
38312098,STRATOS GLACIER               ,0,0,0,0,0,0,0,0,0,0,4,0
38312267,STRATOS 65 PIKES PEAK         ,0,83,54,50,0,0,0,0,0,3,1,3
38711929,PLATINUM SAFEMAX MASON        ,0,6,6,6,6,6,6,0,0,0,0,0
38711930,PLATINUM SAFEMAX SHILOH       ,0,0,0,0,0,0,0,0,0,0,0,0
38712116,SAFEMAX AIO INDUSTRIAL EDGE   ,0,0,0,0,0,0,0,0,0,0,0,0
39212234,EVERYSTAGE DLX LATITUDE       ,0,269,120,324,374,399,175,175,218,358,64,146
39212238,EVERYSTAGE LX GAMMA           ,0,144,73,161,194,100,80,80,0,44,35,42
39212239,EVERYSTAGE LX MIRA            ,0,208,103,307,350,371,125,125,44,95,50,50
39212240,EVERYSTAGE DLX REEFS          ,0,229,177,412,513,612,275,275,160,162,170,225
39212241,EVERYSTAGE DLX CANYONS        ,0,404,246,495,622,656,203,203,589,693,162,327
39212242,EVERYSTAGE DLX HIGHLANDS      ,0,176,125,315,388,425,175,175,337,184,85,241
39212243,EVERYSTAGE DLX COSMOS         ,0,0,0,0,0,0,0,0,0,0,0,0
39212249,EVERYSTAGE LX NOVA            ,0,133,67,242,269,289,67,67,0,54,24,31
39212250,EVERYSTAGE LX LUNA            ,0,100,69,75,30,30,30,30,30,13,13,10
39212310,GOLD EVERYSTAGE ONYX          ,0,0,0,0,0,0,0,0,0,0,0,0
39212311,GOLD EVERYSTAGE MOONSTONE     ,0,0,0,0,0,0,0,0,0,0,0,0
39212312,GOLD EVERYSTAGE SAPPHIRE      ,0,0,0,0,0,0,0,0,0,0,0,0
39212336,GOLD EVERYSTAGE GARNET        ,0,0,0,0,0,0,0,0,0,0,0,0
39212337,GOLD EVERYSTAGE OPAL          ,0,0,0,0,0,0,0,0,0,0,0,0
39312376,EVERYFIT 4IN1 CAR SEAT OLYMPUS,0,0,0,0,0,0,0,0,0,0,0,151
39312380,EVERYFIT 4IN1 CAR SEAT AUGUSTA,0,0,0,0,0,0,0,0,0,0,0,0
4233052,SECURE STEP IMS               ,0,3961,2909,2442,3198,962,1562,500,0,177,625,850
4445100,WINSTON & SOPHIE WOOD METAL GA,0,0,0,0,0,0,0,0,0,0,0,0
4446100,EVENFLO WOOD & METAL GATE     ,0,0,0,0,0,0,0,0,0,0,0,0
4446200,EVENFLO WOOD & METAL GATE     ,0,0,0,0,0,0,0,0,0,0,0,0
4448100,EMBRACE WOOD & METAL GATE .COM,0,0,0,0,0,0,0,0,0,0,0,0
44512263,PLAY-AWAY PORT PY WAYFARER    ,0,0,0,0,0,0,0,0,0,0,0,0
44512326,PLAY-AWAY PORT PY CEDAR GROVE ,744,0,0,0,100,0,0,150,154,13,124,210
44512365,PLAY-AWAY PORT PY CEDAR PARK  ,0,0,0,0,0,0,0,0,0,27,52,96
4461000,BARN DOOR WALK THRU GATE      ,1000,0,0,0,60,0,215,350,203,795,761,1195
4471110,MULTIUSE TALLDECOR WLKTHRUGATE,0,1099,1095,1099,1099,697,725,0,11,0,1210,1590
4483100,EASY WALK THRU GATE NEW HANDLE,0,0,0,0,0,0,0,0,0,0,0,0
4486100,EV EASY WALK THRU GATE WHITE  ,0,29,29,29,29,27,115,115,60,0,0,0
4564000,"EV NOW & FUREVER GATE 32"" .COM",0,0,0,0,0,0,0,0,0,0,0,0
4591000,METAL PRESS WALKTHRU PET GATE ,0,0,0,0,0,0,0,0,0,0,0,0
5261100,SOFT N WIDE GATE SPRNGY PUTTY ,0,0,0,0,0,0,0,0,0,0,0,0
5264100,SOFT & WIDE GATE SRD          ,0,0,0,0,0,0,0,0,0,0,0,0
5266100,SOFT WIDE GATE EMERY          ,0,4286,2398,2460,2400,2140,2375,2375,1377,1741,1050,2564
53012310,GOLD VERGE3 TS SCMX ONYX      ,0,0,0,0,0,0,0,0,0,0,0,0
53012311,GOLD VERGE3 TS SCMX MOONSTONE ,0,0,0,0,0,0,0,0,0,0,0,0
53012312,GOLD VERGE3 TS SCMX SAPPHIRE  ,0,0,0,0,0,0,0,0,0,0,0,0
53012336,GOLD VERGE3 TS SCMX GARNET    ,0,0,0,0,0,0,0,0,0,0,0,0
53012337,GOLD VERGE3 TS SCMX OPAL      ,0,0,0,0,0,0,0,0,0,0,0,0
53112310,GOLD PVTXPND TS SCMX ONYX     ,0,0,0,0,0,0,0,0,0,0,0,0
53112311,GOLD PVTXPND TS SCMX MOONSTONE,0,0,0,0,0,0,0,0,0,0,0,0
53112312,GOLD PVTXPND TS SCMX SAPPHIRE ,0,0,0,0,0,0,0,0,0,0,0,0
53112336,GOLD PVTXPND TS SCMX GARNET   ,0,0,0,0,0,0,0,0,0,0,0,0
53112337,GOLD PVTXPND TS SCMX OPAL     ,0,0,0,0,0,0,0,0,0,0,0,0
53212310,GOLD SHYFT TS SCMX ONYX       ,0,0,0,0,0,0,0,0,0,0,0,0
53212311,GOLD SHYFT TS SCMX MOONSTONE  ,0,0,0,0,0,0,0,0,0,0,0,0
53212312,GOLD SHYFT TS SCMX SAPPHIRE   ,0,0,0,0,0,0,0,0,0,0,0,0
53212336,GOLD SHYFT TS SCMX GARNET     ,0,0,0,0,0,0,0,0,0,0,0,0
53212337,GOLD SHYFT TS SCMX OPAL       ,0,0,0,0,0,0,0,0,0,0,0,0
54611770,ADV EPIC 4WHL TS LTMX SS JET  ,3,0,0,0,80,76,80,80,0,12,5,10
55411811,VIVE ELITE TS EMBRACE LINUS   ,0,0,0,0,0,0,0,0,0,0,0,0
55411874,VIVE TS EMBRACE HAYDEN DOT    ,0,0,0,0,0,0,0,0,0,0,0,0
55411881,VIVE TS EMBRACE ICS DAPHNE    ,0,0,0,0,0,0,0,0,0,0,0,0
55411881A       ,VIVE TS EMB LX DAPHNE         ,0,0,0,0,0,0,0,0,0,0,0,0
55411894,VIVE TS EMB LX SPEARMINT SPREE,0,0,0,0,0,0,0,0,0,0,0,0
55411894A       ,VIVE TS EMB LX SPEARMINT SPREE,0,0,0,0,0,0,0,0,0,0,0,0
55421881,VIVE TS EMB LX DAPHNE         ,7,75,86,100,115,111,75,75,93,75,78,70
55421894,VIVE TS EMB LX SPEARMINT SPREE,7,750,347,500,150,144,250,600,129,84,543,684
55421894A       ,VIVE TS EMB LX SPEARMINT SPREE,450,0,0,0,0,0,0,0,0,0,0,0
55711935,PRINCETON TS SERENADE SKYBL   ,0,0,0,0,0,0,0,0,0,0,0,0
56011990,PIVOT MDTS G0179 SFMX CSUAlGRY,26,338,74,63,77,699,727,727,120,0,0,0
56011990A       ,PIVOT MDTS G0179 SFMX CSUALGRY,167,216,1951,0,0,484,40,0,464,101,556,0
56011993,PIVOT MOD TS SFMX ICS SNDSTNE ,0,799,113,120,120,109,120,120,13,0,0,0
56011993A       ,PIVOT MOD TS SFMX ICS SNDSTNE ,300,1066,3906,0,0,430,30,0,1374,779,1764,0
56012184,PIVOT TS SAFEMAX SS ROCKLAND  ,0,0,0,0,0,0,0,0,0,0,0,0
56012215,PIVOT TS SAFEMAX NAVY         ,13,52,50,52,52,0,0,0,0,0,0,0
56012215A       ,PIVOT TS W/SAFEMAX NAVY       ,100,137,1212,0,0,359,0,0,0,0,0,0
56012217,PIVOT TS SAFEMAX DUSTY ROSE   ,2,345,125,129,16,386,129,129,0,0,0,0
56012217A       ,PIVOT TS W/SAFEMAX DUSTY ROSE ,200,229,1809,0,0,522,793,0,0,326,0,0
56012367,PIVOT TS SALSA                ,0,0,0,0,0,0,0,0,0,0,0,6
56022217,PIVOT TS DUSTY ROSE           ,0,0,0,0,0,0,0,0,0,0,35,164
56031993,PIVOT TS SANDSTONE            ,0,0,0,0,0,0,0,0,0,0,233,500
56041990,PIVOT TS CASUAL GRAY          ,0,0,0,0,0,0,0,0,0,0,0,85
56211976,SIBBY TS LITEMAX RASPBRY .COM ,0,0,0,0,0,0,0,0,0,0,0,0
56231952,SIBBY 2 TS LITEMAX MINERL GRAY,0,0,0,0,0,0,0,0,124,100,253,332
56231975,SIBBY 2 TS LITEMAX CHARCOAL   ,0,403,239,500,167,550,250,300,147,197,629,273
56232216,SIBBY 2 TS LITEMAX HGHLINE GRY,89,116,79,100,100,103,81,81,173,0,0,0
56311987,FOLIO TS LITEMAX ICS BLCKBERRY,0,45,58,9,9,8,9,9,8,9,8,9
56312131,FOLIO 4WHL TS LTMX ICS MRIDIAN,0,62,62,69,72,56,72,69,66,61,20,40
56412030,FLPSDE TS LTMX ICS GLNBARR GRY,0,68,66,68,68,0,0,0,0,0,0,0
57012030,ROUNDTRIP TS LTMX ICS GLNBR GY,0,0,0,0,0,0,0,0,0,0,0,0
57112254,PVT XPANDTS W/SFEMAX PERCHERON,0,580,197,312,312,559,375,375,378,671,561,340
57112255,PVT XPAND TS W/SFEMAX STALLION,0,576,548,549,549,907,549,549,364,482,160,490
57312205,FOLIO 3 STRLR & JOG TS AVENUE ,0,218,213,642,483,509,500,500,375,243,450,574
57312220,FOLIO 3WHL SPORT TS LTMX SKYLN,0,65,61,99,113,200,100,100,90,75,86,80
57312220A       ,FOLIO 3WHL SPORT TS LTMX SKYLN,0,0,0,0,0,0,0,0,0,0,0,0
57312229,FOLIO 3WHL SPORT TS LTMX PLAZA,0,0,0,0,0,0,0,0,0,0,0,0
60411676,DOORWAY JUMPER OWL            ,277,0,0,0,2737,2639,0,0,4546,0,0,0
60411677,DOORWAY JUMPER MARIANNA       ,0,0,0,0,800,772,0,0,276,640,0,0
60411696,EXERSAUCER DOOR JUMPER CIRCUS ,0,0,0,0,0,0,0,0,0,0,0,0
60411809,EXERDOORJUMPER ANIMAL FAMILIES,0,0,0,0,0,0,0,0,0,0,0,0
60412014,EXERDOORJUMPER SAFARI TREK    ,0,0,0,0,0,0,0,0,0,0,0,0
60412015,EXERDOORJUMPER FLOWER PARTY   ,0,0,0,0,0,0,0,0,0,0,0,0
60412151,EXER DOORWAY JUMPER GONE FSHNG,0,0,0,0,0,0,0,0,0,0,0,0
60412323,EXER DOOR JMPR PINK STAR POWER,120,60,146,300,0,288,300,300,86,2,273,379
60412324,EXER DOORWAY JMPR STAR POWER  ,233,80,236,350,0,336,350,350,932,84,143,751
60421378,JOEY JUMP UP-ROO              ,0,279,237,396,291,207,0,0,0,0,0,411
60422151,EXER DWY JUMPER GONE FSHNG PDQ,0,0,0,0,0,0,0,0,0,0,0,0
60441449,JJU BUMBLY DOOR JUMP BT       ,0,0,0,0,0,0,0,0,0,0,0,0
60511372,ZOO FRIENDS EXERSAUCER DLX    ,116,0,0,0,0,0,0,0,0,0,0,0
60512223,ACTIVITY SEAT DWJ TINY TROPICS,0,0,0,0,0,0,0,0,0,0,0,0
60522223,ACTIVITY SEAT DWJ TINY TROPICS,122,50,108,113,100,100,100,100,95,100,83,130
61611415,EXERSAUCER BOUNCIN BARNYARD   ,0,0,0,0,0,0,0,0,0,0,0,0
61611449,EXER DOUBLE FUN SAUCER BUMBLY ,0,77,147,140,140,85,96,0,80,0,0,0
61611767,FASTFOLD & GO BOUNCE-A-SAURUS ,0,12,12,12,12,0,0,0,0,0,0,0
61611769,FASTFOLDGO DINO WITH BAG      ,0,1,1,1,1,0,0,0,0,0,1,9
61611848,EXER DOUBLEFUN SAUCER PBUMBLY ,0,0,0,0,0,0,0,0,0,0,0,0
61611938,EXER MEGA MOOVIN GROOVIN      ,0,0,0,0,0,0,0,0,0,0,0,0
61612199,EXER MEGA PLAYFUL PASTURES    ,0,0,0,0,0,0,0,0,0,0,0,0
6161948,EXERSAUCER MEGA SPLASH        ,15,110,55,0,20,20,0,0,692,861,0,0
6164920,EXER SWEET TEA PARTY SAUCER   ,0,0,0,0,0,0,0,0,0,0,0,0
61731197,EXER SAFARI FRIENDS           ,338,0,0,0,0,0,0,0,0,0,0,0
61731198,EXER JUMP&LEARN JUNGLEQUEST   ,0,0,0,0,0,0,0,0,0,0,0,0
61731199,EXER JUMP&LEARN JAM SESSION   ,4,151,261,145,87,288,0,0,251,240,0,0
61812117,EXER POLAR PLAYGRND ACT CTR   ,0,0,0,0,0,0,0,0,0,0,0,0
61912186,WOOD FRME JUMPER WOODLAND WNDR,0,100,73,75,5,5,0,0,0,0,0,0
62311422,TRIPLE FUN AMAZON             ,0,0,0,0,400,537,0,0,0,0,0,0
62311880,EXER TRPFN WRLDEXPLR W FBRMAT ,0,0,0,0,0,0,0,0,0,0,0,0
62912142,2IN1 BNC ACT CTR ART TBL GLSEA,0,0,0,0,0,0,0,0,0,0,0,0
62922142,2IN1 BNC ACTCTRARTTBL GLSEA RW,29,0,0,0,0,0,0,0,0,0,0,0
630060,PARALLEL ADAPTER GRACO CHICCO ,0,0,0,0,0,0,0,0,0,0,0,0
63012254,PVT XPND STRL SCNDSEAT PRCHRN ,0,84,78,83,83,386,100,100,156,84,92,96
63012255,PVT XPAND SECOND SEAT STALLION,0,214,210,214,214,372,150,150,21,60,31,41
63012310,GOLD PVTXPND 2NDSEAT ONYX     ,0,0,0,0,0,0,0,0,0,0,0,0
63012311,GOLD PVTXPND 2NDSEAT MOONSTONE,0,0,0,0,0,0,0,0,0,0,0,0
63012312,GOLD PVTXPND 2NDSEAT SAPPHIRE ,0,0,0,0,0,0,0,0,0,0,0,0
630421,RAIN CARRIER COVER            ,27,188,94,67,70,55,70,67,64,48,60,61
630422,CAR WINDOW CLING SHADES       ,12,67,63,67,67,192,200,200,77,62,28,48
630423,CAR SEAT KICK MAT             ,6,185,88,71,75,10,10,10,0,0,0,0
630424,STRLLR ACCSSRIES STARTER KIT  ,75,1229,651,394,394,364,450,450,72,36,276,447
630425,DELUXE CAR SEAT UNDERMAT      ,12,250,114,117,117,105,117,117,117,107,0,0
630426,UNIVERSAL CUP HOLDER          ,50,180,49,56,63,54,60,60,60,36,31,7
630427,CAR SEAT TRAVEL BAG           ,2,155,150,155,155,141,175,175,24,141,75,100
630429,DELUX BACKSEAT ORGANIZER      ,2,63,60,63,63,57,25,25,25,11,9,9
630430,ARM CUSHION                   ,0,0,0,0,0,0,0,0,0,0,0,0
630431,BACKSEAT BABY MIRROR          ,80,150,142,177,177,165,245,245,245,236,35,128
630432,REVERSIBLE STRAP COVERS       ,50,0,0,0,0,0,0,0,0,0,0,0
630433,STROLLER ORGANIZER            ,4,177,175,177,177,165,275,275,140,333,100,124
630434,STROLLER NETTING              ,2,150,145,150,150,288,400,400,24,143,10,10
630436,STROLLER WEATHER SHIELD       ,20,96,91,96,46,51,53,53,53,34,28,30
630437,CARSEAT ACCESS STARTER KIT    ,2,15,16,17,18,25,25,25,25,18,15,15
630439,PIVOT XPAND RIDER BOARD       ,0,0,0,0,0,386,150,150,64,150,103,207
630440,PIVOT XPAND CAR SEAT ADAPTER  ,8,35,55,75,100,111,75,75,75,75,50,75
630446,CHILD TRAY ACCESS ARCTIC BLUE ,0,0,0,0,0,0,0,0,0,0,0,0
6391600,LITEMAX 35 BASE               ,0,877,874,653,3218,1155,90,2105,2384,1508,1341,2300
6391700,SAFEMAX ICS BASE              ,0,521,209,314,500,48,50,50,35,154,582,953
64021461,NURTURE BLACK BASE            ,0,0,0,0,0,0,0,0,0,0,0,0
6411000,LITEMAX DLX BASE              ,0,0,0,0,0,12,25,0,0,0,0,0
6622100,POSITION & LOCK TALL GATE .COM,0,5346,3563,3564,3564,3440,3150,3250,1914,432,4059,3400
6624310,POSITION AND LOCK TALL FRMHSE ,0,1975,1478,1481,1481,1721,5000,2750,2403,2089,4241,3534
70211874,PBS DLX PLYYRD HAYDEN DOT     ,14,45,18,19,19,17,19,19,0,0,0,0
70211881,PBS DLX DAPHNE                ,0,66,84,48,89,31,59,116,79,0,0,0
70211894,PBS DLX SPEARMINT SPREE       ,0,126,121,131,203,167,203,180,46,0,0,0
70212307,PBS DLX PRISM                 ,0,0,0,0,0,10,50,100,89,159,171,306
70212315,PBS DLX POP STAR              ,0,0,0,0,0,11,26,51,28,77,65,138
70212316,PBS DLX POPPY                 ,0,0,0,0,0,11,69,137,54,183,63,65
70221215,PBS DELUXE KOI                ,0,153,24,26,27,0,0,0,98,0,0,0
70221234,PBS DELUXE MARIANNA           ,17,22,17,11,5,28,95,60,0,0,0,0
70221894,PBS DLX PY SPEARMINT SPREE    ,0,0,0,0,0,0,0,0,0,0,0,0
70511936,ARDEN PLAYYARD H965 SKY BLUE  ,0,0,0,0,0,0,0,0,0,0,0,0
70712108,PTBLE BBYST CLSSC PLYRD P OCHD,0,0,0,0,420,404,0,0,0,0,14,305
70712109,PTBLE BBYST CLSSC PLYRD SLVRDO,0,0,0,0,925,893,0,0,0,0,195,927
70812110,ARENA 4 IN 1 PLAYARD DASH     ,0,0,0,0,0,0,0,0,0,0,0,0